"","V1","V2"
"1","2H","JHI-Hv50k-2016-79446"
"2","2H","JHI-Hv50k-2016-79537"
"3","2H","JHI-Hv50k-2016-79696"
"4","7H","JHI-Hv50k-2016-459633"
"5","7H","JHI-Hv50k-2016-488067"
"6","7H","JHI-Hv50k-2016-489031"
"7","7H","JHI-Hv50k-2016-489053"
"8","7H","JHI-Hv50k-2016-489254"
"9","7H","JHI-Hv50k-2016-489219"
"10","7H","JHI-Hv50k-2016-489205"
"11","7H","JHI-Hv50k-2016-489174"
"12","7H","JHI-Hv50k-2016-489168"
"13","7H","JHI-Hv50k-2016-489164"
"14","7H","JHI-Hv50k-2016-489156"
"15","7H","JHI-Hv50k-2016-489144"
"16","7H","JHI-Hv50k-2016-489129"
"17","7H","JHI-Hv50k-2016-489103"
"18","7H","SCRI_RS_169649"
"19","7H","JHI-Hv50k-2016-489587"
